{
  "controller/Details.controller.js": 1714975774210,
  "controller/App.controller.js": 1713854522754,
  "model/models.js": 1713854522754,
  "controller/Home.controller.js": 1714712169837,
  "i18n/i18n.properties": 1713856472070,
  "controller/BaseController.js": 1714634425642,
  "manifest.json": 1715062808221,
  "Component.js": 1713854522750,
  "Component-preload.js": 1715062808592,
  "controller/App-dbg.controller.js": 1713854522754,
  "controller/Home-dbg.controller.js": 1714712169837,
  "controller/Details-dbg.controller.js": 1714975774210,
  "controller/BaseController-dbg.js": 1714634425642,
  "model/models-dbg.js": 1713854522754,
  "Component-dbg.js": 1713854522750,
  "view/Home.view.xml": 1714375995117,
  "view/Details.view.xml": 1714452868777,
  "view/App.view.xml": 1713854522758,
  "css/style.css": 1713854522758,
  "fragment/GeneralInformation.fragment.xml": 1714122970134,
  "fragment/CreateBookDialog.fragment.xml": 1714395838008,
  "fragment/BookDetails.fragment.xml": 1714126961882,
  "fragment/Address.fragment.xml": 1714126918911,
  "index.html": 1713854522750
}