{
  "Component-preload.js": 1715770195112,
  "Component.js": 1713854522750,
  "model/models.js": 1713854522754,
  "controller/Home.controller.js": 1715685551320,
  "controller/Details.controller.js": 1715685566384,
  "controller/BaseController.js": 1715065857318,
  "controller/App.controller.js": 1713854522754,
  "manifest.json": 1715770194724,
  "i18n/i18n.properties": 1715770147307,
  "controller/Details-dbg.controller.js": 1715685566384,
  "controller/Home-dbg.controller.js": 1715685551320,
  "model/models-dbg.js": 1713854522754,
  "controller/BaseController-dbg.js": 1715065857318,
  "controller/App-dbg.controller.js": 1713854522754,
  "Component-dbg.js": 1713854522750,
  "view/Home.view.xml": 1714375995117,
  "view/Details.view.xml": 1714452868777,
  "view/App.view.xml": 1713854522758,
  "fragment/GeneralInformation.fragment.xml": 1714122970134,
  "fragment/CreateBookDialog.fragment.xml": 1715314309514,
  "fragment/BookDetails.fragment.xml": 1714126961882,
  "fragment/Address.fragment.xml": 1715687097491,
  "css/style.css": 1713854522758,
  "index.html": 1713854522750
}